contrast,repetition,assigned_gpu,gpu_uuid,from_condition,to_condition,throughput_ratio
reconstruction,0,0,a528b308-5558-5293-e606-6ee813a5e729,D,B,0.6518991212962378
physical_batch,0,0,a528b308-5558-5293-e606-6ee813a5e729,E,C,0.9879309390438873
capacity_combined,0,0,a528b308-5558-5293-e606-6ee813a5e729,B,C,0.9943066651068144
checkpointing,0,0,a528b308-5558-5293-e606-6ee813a5e729,A,checkpointed-B0,0.800889139627958
reconstruction,1,1,a24b046b-6864-e238-4fb2-e44724c5fd96,D,B,0.6341345749956074
physical_batch,1,1,a24b046b-6864-e238-4fb2-e44724c5fd96,E,C,0.9888683921422211
capacity_combined,1,1,a24b046b-6864-e238-4fb2-e44724c5fd96,B,C,0.9688007876240634
checkpointing,1,1,a24b046b-6864-e238-4fb2-e44724c5fd96,A,checkpointed-B0,0.8485307182901346
reconstruction,2,0,a528b308-5558-5293-e606-6ee813a5e729,D,B,0.6688713628095548
physical_batch,2,0,a528b308-5558-5293-e606-6ee813a5e729,E,C,0.9902040587364325
capacity_combined,2,0,a528b308-5558-5293-e606-6ee813a5e729,B,C,1.0000315745752617
checkpointing,2,0,a528b308-5558-5293-e606-6ee813a5e729,A,checkpointed-B0,0.8356797993791559
