seed,contrast,from_run,to_run,from_holdout_loss_nats,to_holdout_loss_nats,delta_holdout_loss_nats,from_training_targets_per_second,to_training_targets_per_second,throughput_ratio,from_peak_allocated_bytes,to_peak_allocated_bytes,memory_ratio
1337,architecture_original,A-1337,D-1337,2.851997889526367,2.748128696533203,-0.1038691929931641,81771.96577904782,81740.62864383598,0.999616774099616,14261529600,14262184960,1.000045952995112
1337,reconstruction_original,D-1337,B-1337,2.748128696533203,2.750823995727539,0.002695299194336087,81740.62864383598,54644.225319436286,0.6685075246672572,14262184960,7415548928,0.519944801501158
1337,effective_batch_original,B-1337,E-1337,2.750823995727539,3.092173278564453,0.341349282836914,54644.225319436286,52706.833313746356,0.9645453477588084,7415548928,7415548928,1.0
1337,physical_batch_original,E-1337,C-1337,3.092173278564453,3.092301239868164,0.00012796130371084402,52706.833313746356,53406.255482138804,1.0132700472485041,7415548928,12743977984,1.718548162480683
1337,combined_original,A-1337,C-1337,2.851997889526367,3.092301239868164,0.24030335034179684,81771.96577904782,53406.255482138804,0.6531120411908078,14261529600,12743977984,0.8935912445184
2027,combined_original,A-2027,C-2027,2.8502183413085938,3.106536435546875,0.25631809423828145,83802.45686496505,54414.732175680314,0.6493214424889882,14261529600,12743977984,0.8935912445184
1337,architecture_locked,A-L-1337,D-L-1337,2.854566508911133,2.7440332314453126,-0.11053327746582031,76890.6070689729,76459.64272358573,0.9943950976352601,14263155712,14264544256,1.000097351808256
1337,reconstruction_locked,D-L-1337,B-L-1337,2.7440332314453126,2.742739299560547,-0.0012939318847657866,76459.64272358573,50653.25602514047,0.6624835563025109,14264544256,7418235904,0.5200471722662795
1337,effective_batch_locked,B-L-1337,E-L191-1337,2.742739299560547,3.072389580078125,0.32965028051757805,50653.25602514047,49909.521444144615,0.9853171416931871,7418235904,7418235904,1.0
1337,physical_batch_locked,E-L191-1337,C-L191-1337,3.072389580078125,3.0717848221435546,-0.0006047579345702658,49909.521444144615,52476.467788083304,1.0514319967345598,7418235904,12678169600,1.7090545197091644
1337,combined_locked,A-L-1337,C-L191-1337,2.854566508911133,3.0717848221435546,0.2172183132324217,76890.6070689729,52476.467788083304,0.682482162496266,14263155712,12678169600,0.8888754954370648
2027,combined_locked,A-L-2027,C-L191-2027,2.853359813232422,3.095928124145508,0.24256831091308584,81847.60991968475,52886.13454603107,0.6461536824096277,14263155712,12678169600,0.8888754954370648
1337,reversible_formulation,B-1337,F-midpoint-1337,2.750823995727539,2.7751330900878908,0.02430909436035167,54644.225319436286,45136.12442294748,0.825999895855292,7415548928,7329958912,0.9884580336761282
1337,activation_checkpointing,A-1337,G-checkpointed-1337,2.851997889526367,2.8506458498535157,-0.0013520396728514683,81771.96577904782,60880.32960935204,0.7445134653342431,14261529600,7937215488,0.5565472786313188
