run_id,status,condition,campaign,attention_backend,seed,integrator,backward_mode,step_size,blend,committed_targets,attempted_targets,physical_batch,effective_batch,parameter_count,updates,retries,training_seconds,job_seconds,final_update_loss_nats,last_1m_training_loss_nats,fixed_training_subset_loss_nats,holdout_perplexity,separator_targets,padding_slots,checkpoint_sha256,holdout_loss_nats,dev_loss_nats,training_tokens_per_second,peak_allocated_bytes,peak_reserved_bytes,checkpoint_locally_verified,source
A-1337,COMPLETE,A,original,auto,1337,conventional,stored,0.5,1.0,50000000,50000000,110,110,19969152,888,0,611.4565000810014,632.993079376,2.6359311311141305,2.76765115625,3.0418595150113106,17.32235544446136,226207,384,fde6c05279e54f46ce09c8e50dda7047f55dd071569088327c2215f41c58050e,2.851997889526367,2.8434189781546593,81771.96577904782,14261529600,15376318464,True,experiments\kaggle-full-v1\runs\A-1337\final.json
A-2027,COMPLETE,A,original,auto,2027,conventional,stored,0.5,1.0,50000000,50000000,110,110,19969152,888,0,596.6412187719916,618.1399129730003,2.6297478275022645,2.7663536640625,3.0386719927191734,17.291556889586968,226207,384,353fa9300c448b31abdc0565cbfd5e4bf2fd748ee938b77a2215fbf9b91a9a22,2.8502183413085938,2.842882949858904,83802.45686496505,14261529600,15376318464,True,experiments\kaggle-full-v1\runs\A-2027\final.json
B-1337,COMPLETE,B,original,auto,1337,coupled_euler,reconstructed,0.5,1.0,50000000,50000000,110,110,19969152,888,0,915.009769243002,936.461592651,2.5367031816123187,2.667624890625,2.9383141547441483,15.655526657917845,226207,384,79eb8054fc6a7b02033dd09e92a0d7493e96416cf6406c5c47adc86f54aaba51,2.750823995727539,2.7432333305478096,54644.225319436286,7415548928,8950644736,True,experiments\kaggle-full-v1\runs\B-1337\final.json
B-2027,COMPLETE,B,original,auto,2027,coupled_euler,reconstructed,0.5,1.0,50000000,50000000,110,110,19969152,888,0,951.4289875809918,973.3585401139999,2.5653721906136777,2.6923224765625,2.9626620039343834,16.03384889758532,226207,384,acef96105d3cfd27b7fc54df52b667ea7d4e7373d6a2b8e8e4fb0417f400f919,2.774702043701172,2.7701592817902565,52552.52956621072,7415548928,8950644736,True,experiments\kaggle-full-v1\runs\B-2027\final.json
C-1337,COMPLETE,C,original,auto,1337,coupled_euler,reconstructed,0.5,1.0,50000000,50000000,192,192,19969152,509,0,936.2199155999995,957.9492998309997,2.866225149428274,3.01404575,3.268524691462517,22.027710740510752,226207,384,716ffbd2f02bd76cb79bd8662d93647d7c229e34136e5db84c87c15aa028c4a2,3.092301239868164,3.08497666567564,53406.255482138804,12743977984,15485370368,True,experiments\kaggle-full-v1\runs\C-1337\final.json
C-2027,COMPLETE,C,original,auto,2027,coupled_euler,reconstructed,0.5,1.0,50000000,50000000,192,192,19969152,509,0,918.8688063109976,940.208613324,2.8822201671322767,3.02911375,3.284026086330414,22.34352199777596,226207,384,598c79eec2ad5b72793feae970b09ee8eb6a9e21e5e4371c1422676e393b0307,3.106536435546875,3.101196214556694,54414.732175680314,12743977984,15485370368,True,experiments\kaggle-full-v1\runs\C-2027\final.json
D-1337,COMPLETE,D,original,auto,1337,coupled_euler,stored,0.5,1.0,50000000,50000000,110,110,19969152,888,0,611.6909158829974,633.252293862,2.534206578351449,2.664514203125,2.93600582331419,15.61338714433904,226207,384,7e8cb04e07b192fb73d972a5e3704f34d93d0d4afb22453cc48a6d1be551660d,2.748128696533203,2.740526918321848,81740.62864383598,14262184960,15420358656,True,experiments\kaggle-full-v1\runs\D-1337\final.json
E-1337,COMPLETE,E,original,auto,1337,coupled_euler,reconstructed,0.5,1.0,50000000,50000000,110,192,19969152,509,0,948.6435981150021,970.4385932790001,2.8662799668659042,3.014074953125,3.2684530317783356,22.024892226260857,226207,384,28d284b58456758a8d8d015e20435308612a5e228907ddc427c6ca86a231a365,3.092173278564453,3.0848841331899166,52706.833313746356,7415548928,8948547584,True,experiments\kaggle-full-v1\runs\E-1337\final.json
A-L-2027,COMPLETE,A,locked,efficient,2027,conventional,stored,0.5,1.0,50000000,50000000,110,110,19969152,888,0,610.8913876540059,632.7875902350002,2.632531384454257,2.7696006171875,3.0420049279928207,17.345963243347306,226207,384,10e7c6d15a1548073c419c77e6d437a5179380910463b78f2371b1a52836cd41,2.853359813232422,2.8463265486061573,81847.60991968475,14263155712,15397289984,True,experiments\kaggle-locked-repair-v1\runs\A-L-2027\final.json
B-L-2027,COMPLETE,B,locked,efficient,2027,coupled_euler,reconstructed,0.5,1.0,50000000,50000000,110,110,19969152,888,0,1030.9027810750035,1053.7396062880002,2.5623121178668478,2.691522109375,2.9622087106108665,16.0170079266553,226207,384,0eb205f509c44f2a9434b2b4ede17d68466a706d1ccef6d0fc75bdd09b761cdb,2.773651153076172,2.768541231751442,48501.17869297148,7418235904,8950644736,True,experiments\kaggle-locked-repair-v1\runs\B-L-2027\final.json
C-L191-1337,COMPLETE,C,locked,efficient,1337,coupled_euler,reconstructed,0.5,1.0,50000000,50000000,191,191,19969152,512,0,952.8080320100037,974.8027309050001,2.8936902904942023,2.9939348828125,3.2492039799690247,21.580385472169457,226207,384,1e7b630b0a570a488892d2b78e1c479aa5666aa3950ed1de95f38a60ff4b4cd2,3.0717848221435546,3.064942739903927,52476.467788083304,12678169600,15424552960,True,experiments\kaggle-locked-repair-v1\runs\C-L191-1337\final.json
C-L191-2027,COMPLETE,C,locked,efficient,2027,coupled_euler,reconstructed,0.5,1.0,50000000,50000000,191,191,19969152,512,0,945.4273871439964,967.1104260749999,2.91921596613405,3.0175348125,3.274444118142128,22.107747753016707,226207,384,40d9ac9190dc175f99f9b982d545e842c660a4ff6b6362c5abf211262a5bbfc5,3.095928124145508,3.0900401696562767,52886.13454603107,12678169600,15424552960,True,experiments\kaggle-locked-repair-v1\runs\C-L191-2027\final.json
E-L191-1337,COMPLETE,E,locked,efficient,1337,coupled_euler,reconstructed,0.5,1.0,50000000,50000000,110,191,19969152,512,0,1001.8128516010045,1024.618200894,2.895197941706731,2.9946906875,3.2501141875982285,21.59344032863097,226207,384,9691e82698e6e50bafd96341e016b843505d5742fa05616cd2aae2f41ca38f58,3.072389580078125,3.0657319761812687,49909.521444144615,7418235904,8948547584,True,experiments\kaggle-locked-repair-v1\runs\E-L191-1337\final.json
A-L-1337,COMPLETE,A,locked,efficient,1337,conventional,stored,0.5,1.0,50000000,50000000,110,110,19969152,888,0,650.2744861299988,672.679175039,2.639073291723279,2.7696839453125,3.044696405529976,17.366907176171352,226207,384,6cf4bd09c3fbae01ca1206b8e8b518491f4699ed0cbfffbf4af90298a619bc86,2.854566508911133,2.8460867926478386,76890.6070689729,14263155712,15397289984,True,experiments\kaggle-locked-v1\runs\A-L-1337\final.json
B-L-1337,COMPLETE,B,locked,efficient,1337,coupled_euler,reconstructed,0.5,1.0,50000000,50000000,110,110,19969152,888,0,987.1033754510028,1009.7436610670001,2.529489356884058,2.659578671875,2.9296631440520287,15.529466746226621,226207,384,3b4a94e03b520eb48ca421d023ef852c4e3df6d45954c57b7864e82af349620d,2.742739299560547,2.735034342855215,50653.25602514047,7418235904,8950644736,True,experiments\kaggle-locked-v1\runs\B-L-1337\final.json
D-L-1337,COMPLETE,D,locked,efficient,1337,coupled_euler,stored,0.5,1.0,50000000,50000000,110,110,19969152,888,0,653.9397546069929,676.302005471,2.5293083743772646,2.6605297109375,2.932023048400879,15.549573824192246,226207,384,a8e6f1a3edd1f52ae56237846b1e29ef72200d989c6acac2a29b024d0c37ccff,2.7440332314453126,2.7366137951612473,76459.64272358573,14264544256,15441330176,True,experiments\kaggle-locked-v1\runs\D-L-1337\final.json
pilot-blended025,COMPLETE,pilot,pilot,auto,1337,blended_midpoint,reconstructed,0.25,0.5,2000000,2000000,4,4,19969152,977,0,52.44092747699847,55.452616718999934,3.780785878499349,4.000762163085938,4.140171006321907,,0,0,55f43bbf9d4215e87a5dc2dd79846066f0c6c77f63108ce52ad6780304f962f8,,3.9665831681340933,38138.15079600253,591360000,643825664,True,experiments\kaggle-pilots-v3\runs\pilot-blended025\final.json
pilot-conventional,COMPLETE,pilot,pilot,auto,1337,conventional,stored,0.25,1.0,2000000,2000000,4,4,19969152,977,0,33.38496395500056,36.18426989300002,3.7618624369303384,3.998721626953125,4.125274877995253,,0,0,1ca79e4b261c9f8e806768c695a0c0e3c59c0207d0502e6a2cf2fe7a5c0a0cf3,,3.9543055798858404,59907.20860731768,814101504,893386752,True,experiments\kaggle-pilots-v3\runs\pilot-conventional\final.json
pilot-coupled025,COMPLETE,pilot,pilot,auto,1337,coupled_euler,reconstructed,0.25,1.0,2000000,2000000,4,4,19969152,977,0,53.644400518999475,56.56878166000001,3.7016389634874134,3.9719204096679688,4.1090159341692924,,0,0,70910a578b8484bcffa082f8c8805ecf499f68b7209c9cf641c95bef00130549,,3.9403002094477415,37282.5491691654,590573568,643825664,True,experiments\kaggle-pilots-v3\runs\pilot-coupled025\final.json
pilot-coupled050,COMPLETE,pilot,pilot,auto,1337,coupled_euler,reconstructed,0.5,1.0,2000000,2000000,4,4,19969152,977,0,52.16861880799996,55.115227194,3.6700414021809897,3.94460667578125,4.095651172101498,,0,0,624b76239f5dd6c26b997506ba3b0d398dc8412c61673a035a9e714ebf253796,,3.9153412096202374,38337.223520537285,590573568,643825664,True,experiments\kaggle-pilots-v3\runs\pilot-coupled050\final.json
pilot-coupled100,COMPLETE,pilot,pilot,auto,1337,coupled_euler,reconstructed,1.0,1.0,2000000,2000000,4,4,19969152,977,0,53.13808853300088,56.10347040199997,3.6677898830837674,3.957995259765625,4.105820510536432,,0,0,c110b31f493040fbc5b24aabb5c85a612ad531911ecf785d02402189cc7b5b9b,,3.9274092819541693,37637.78591241421,590573568,643825664,True,experiments\kaggle-pilots-v3\runs\pilot-coupled100\final.json
pilot-midpoint025,COMPLETE,pilot,pilot,auto,1337,midpoint,reconstructed,0.25,1.0,2000000,2000000,4,4,19969152,977,0,48.50533450300043,51.43291544800002,3.7547039455837674,3.9988475791015623,4.142380189150572,,0,0,79a64aae991e3370867be00be277f0c206ed1b6002f7dda7395c5fb8c42d6b9c,,3.963239347562194,41232.57824098264,591360000,643825664,True,experiments\kaggle-pilots-v3\runs\pilot-midpoint025\final.json
pilot-midpoint050,COMPLETE,pilot,pilot,auto,1337,midpoint,reconstructed,0.5,1.0,2000000,2000000,4,4,19969152,977,0,51.65813117699906,54.73166107000003,3.8096355862087674,4.0015406069335935,4.141414273530245,,0,0,1982a37c5a5d369f9ea21d4b86fa65fb2ac52684def66a16f4a36c5d373a9794,,3.9630864430218935,38716.07343183382,591360000,643825664,True,experiments\kaggle-pilots-v3\runs\pilot-midpoint050\final.json
pilot-midpoint100,COMPLETE,pilot,pilot,auto,1337,midpoint,reconstructed,1.0,1.0,2000000,2000000,4,4,19969152,977,0,51.11550751600038,54.142317564999985,3.776492648654514,4.006207202636719,4.153441682457924,,0,0,3ac9e61ba6fc29a6ccd8dfedbe2fcf1058c1ecb2d459a036c84853935de1c0f7,,3.9732298869639635,39127.069204467,591360000,643825664,True,experiments\kaggle-pilots-v3\runs\pilot-midpoint100\final.json
A-3141,COMPLETE,A,supplemental,auto,3141,conventional,stored,0.5,1.0,50000000,50000000,110,110,19969152,888,0,714.7955357179969,738.6185769040001,2.639048877660779,2.7772836328125,3.052015148103237,17.50472266013309,226207,384,831d835279753389befe3f369e3ad3595d4bcd77317d1df72c0cc6ff95c43ab7,2.8624707108154297,2.854459296911955,69950.0731349365,14261529600,15376318464,True,experiments\kaggle-supplemental-v1\runs\A-3141\final.json
B-3141,COMPLETE,B,supplemental,auto,3141,coupled_euler,reconstructed,0.5,1.0,50000000,50000000,110,110,19969152,888,0,1035.6239572180004,1059.073848947,2.533054871490036,2.664634,2.9357952922582626,15.5933137281913,226207,384,340184194dcc1d9f0e4e81a2484973ae9f9d4a9017a7bad5246329a7f50c98fd,2.746842215209961,2.7384675554931164,48280.07275373886,7415548928,8950644736,True,experiments\kaggle-supplemental-v1\runs\B-3141\final.json
C-3141,COMPLETE,C,supplemental,auto,3141,coupled_euler,reconstructed,0.5,1.0,50000000,50000000,192,192,19969152,509,0,1086.0973627720014,1109.403341267,2.892192118876689,3.04003709375,3.2931443974375725,22.592005135438153,226207,384,b9415ad760f6fcab628db0638d839a2aa2bf173a7624f49a186d36f3798b4e7f,3.117596088623047,3.110365319997072,46036.38836981159,12743977984,15485370368,True,experiments\kaggle-supplemental-v1\runs\C-3141\final.json
F-midpoint-1337,COMPLETE,F,supplemental,auto,1337,midpoint,reconstructed,0.5,1.0,50000000,50000000,110,110,19969152,888,0,1107.7601508599992,1132.657422535,2.5695848547894022,2.6925303984375,2.96288700401783,16.040761719984342,226207,384,207f1068812c6f0c0e5fa7eb81befbe302d6ccb7bb3f2859c3383346dfc3f518,2.7751330900878908,2.769773591309786,45136.12442294748,7329958912,9124708352,True,experiments\kaggle-supplemental-v1\runs\F-midpoint-1337\final.json
G-checkpointed-1337,COMPLETE,G,supplemental,auto,1337,conventional,checkpointed,0.5,1.0,50000000,50000000,110,110,19969152,888,0,821.2833327419983,844.583358562,2.6338631892549818,2.7660874921875,3.0409036576747894,17.298950758270678,226207,384,b3de5713aebe3f7b090a7e319b7fb69191d1589e422bccef123591150ecbe9a2,2.8506458498535157,2.842333145439625,60880.32960935204,7937215488,9470738432,True,experiments\kaggle-supplemental-v1\runs\G-checkpointed-1337\final.json
